name,position,school,conference
Steve Sarkisian,"Head Coach, Football",Texas,Big 12
Kenny Baker,"Assistant Coach, Football - Defensive Line",Texas,Big 12
Jeff Banks,"Assistant Coach, Football - Special Teams Coordinator / TE",Texas,Big 12
Michael Bimonte,"Assistant Coach, Football - Co-Passing Game Coordinator / Assistant QB",Texas,Big 12
LaAllan Clark,"Assistant Coach, Football - Edge",Texas,Big 12
Kyle Flood,"Assistant Coach, Football - Offensive Coordinator / OL",Texas,Big 12
Blake Gideon,"Assistant Coach, Football - Defensive Passing Game Coordinator / Secondary",Texas,Big 12
Keynodo Hudson,"Assistant Coach, Football - Nickels",Texas,Big 12
Chris Jackson,"Assistant Coach, Football - Passing Game Coordinator / WR",Texas,Big 12
Jabbar Juluke,"Assistant Coach, Football - Associate Head Coach (Offense) / RB",Texas,Big 12
AJ Milwee,"Assistant Coach, Football - Co-Offensive Coordinator / QB",Texas,Big 12
Will Muschamp,"Assistant Coach, Football - Defensive Coordinator",Texas,Big 12
Johnny Nansen,"Assistant Coach, Football - Co-Defensive Coordinator / LB",Texas,Big 12
Mark Orphey,"Assistant Coach, Football - Cornerbacks",Texas,Big 12
Brandon Harris,"General Manager, Football",Texas,Big 12
Jared Blank,"Chief of Staff, Football",Texas,Big 12
Torre Becton,Director of Football Performance,Texas,Big 12
Chris Gilbert,"Special Assistant to the Head Coach, Football",Texas,Big 12
Kerry Joseph,"Special Assistant to the Head Coach, Defense",Texas,Big 12
Jahmal Fenner,"Director of Player Development and High School Relations, Football",Texas,Big 12
John Michael Jones,"Director of Player Personnel, Football",Texas,Big 12
Kyrah McCowan,"Director, Football Administration and Program Relations",Texas,Big 12
Derek Ochoa,"Director of Creative Media, Football",Texas,Big 12
Kyndal Perry,"Director of Recruiting Operations, Football",Texas,Big 12
Jason Rodriquez,"Director of Operations, Football",Texas,Big 12
Taylor Searels,"Director of Recruiting, Football",Texas,Big 12
DJ Welte,"Director of Video Operations, Football",Texas,Big 12
Kyle Barkle,"Assistant Director of Creative Media, Football",Texas,Big 12
Michael Huff,"Assistant Director of Player Development, Football",Texas,Big 12
Jackson Gleeson,"Assistant Director of Player Personnel, Football",Texas,Big 12
Jimmy Jongebloed,"Assistant Director of Player Personnel, Football",Texas,Big 12
Josh Dunson,"Senior Player Personnel Coordinator, Football",Texas,Big 12
Jake Flynt,"Senior Graphic Designer, Football",Texas,Big 12
Tanner Martin,"Scouting Coordinator, Football",Texas,Big 12
Jordan Mitchell,"Recruiting and Retention Strategy Coordinator, Football",Texas,Big 12
Amy Biegel,"Assistant Program Administrator, Football",Texas,Big 12
Zoe Stoker,Assistant Director of Football Operations,Texas,Big 12
Christopher Forestier,Senior Football Analyst,Texas,Big 12
Derron Gatewood,Senior Football Analyst,Texas,Big 12
Brandon Huppert,Senior Football Analyst - Defense,Texas,Big 12
Malik Antoine,Football Analyst,Texas,Big 12
Patrick Crowley,Football Analyst - Offense,Texas,Big 12
John Dozier Dean,Offense Assistant / Passing Game Specialist,Texas,Big 12
Justin Garrett,Football Analyst,Texas,Big 12
Michael Jenkins,Football Analyst,Texas,Big 12
Matt Moran,Football Analyst,Texas,Big 12
Jason McEndoo,Football Analyst,Texas,Big 12
Mitch Zoloty,Football Analyst,Texas,Big 12
Robert Perez,"Senior Video Coordinator, Football",Texas,Big 12
Emily Devers,"Video Coordinator, Football",Texas,Big 12
Desmond Dildy,"Video Coordinator, Football",Texas,Big 12
Mike Elko,Head Coach,Texas A&M,SEC
Lyle Hemphill,Defensive Coordinator,Texas A&M,SEC
Holmon Wiggins,Offensive Coordinator,Texas A&M,SEC
Trooper Taylor,Associate Head Coach (Offense)/Running Backs,Texas A&M,SEC
Travis Williams,Associate Head Coach (Defense)/Linebackers,Texas A&M,SEC
Elijah Robinson,Co-Defensive Coordinator/Defensive Line,Texas A&M,SEC
Ishmael Aristide,Defensive Backs,Texas A&M,SEC
Adam Cushing,Run Game Coordinator/Offensive Line,Texas A&M,SEC
Patrick Dougherty,Special Teams Coordinator,Texas A&M,SEC
Bryant Gross-Armiento,Nickels,Texas A&M,SEC
Tony Jerod-Eddie,Defensive Line,Texas A&M,SEC
Joey Lynch,Quarterbacks,Texas A&M,SEC
John Perry,Wide Receivers,Texas A&M,SEC
Derek Shay,Tight Ends,Texas A&M,SEC
Stan Watson,Defensive Ends,Texas A&M,SEC
Wisly Desire,Offensive Analyst,Texas A&M,SEC
Deveonte Mackey,Offensive Analyst,Texas A&M,SEC
Gavin Spurrier,Offensive Analyst,Texas A&M,SEC
Malik Davis,Defensive Graduate Assistant,Texas A&M,SEC
Tommy Moffitt,Director of Football Strength & Conditioning,Texas A&M,SEC
Blake McCall,Assistant Director of Football Strength & Conditioning,Texas A&M,SEC
Brad Minter,Assistant Director of Football Strength & Conditioning,Texas A&M,SEC
Brandon Stegall,Assistant Director of Football Strength & Conditioning,Texas A&M,SEC
Kratik Malhotra,Director of Sports Science & Analytics,Texas A&M,SEC
Derek Miller,Recruiting General Manager,Texas A&M,SEC
Allen Gaudet,Director of Player Personnel,Texas A&M,SEC
Kianna Jasper,Director of On-Campus Recruiting,Texas A&M,SEC
David Cooney,Associate Director of Recruiting/Acquisition,Texas A&M,SEC
Mason Smith,Associate Director of Recruiting/Acquisition,Texas A&M,SEC
DJ Mann,Associate Director of Player Personnel/High School Relations,Texas A&M,SEC
Shaun Cook,Assistant Director of Player Personnel,Texas A&M,SEC
Maya Howard,Assistant Director of On-Campus Recruiting,Texas A&M,SEC
Lauren Moore,Coordinator of On-Campus Recruiting,Texas A&M,SEC
Joe Joe Headen,Scouting Assistant,Texas A&M,SEC
DJ Marquardt,Scouting Assistant,Texas A&M,SEC
Kat Castner,Assistant AD | Football Branding and Communications,Texas A&M,SEC
Jack Coil,Director of Content Strategy,Texas A&M,SEC
Tee McCann,Director of Football Creative,Texas A&M,SEC
Will Whitty,Art Director,Texas A&M,SEC
Delvin Jones,Director of External Football Operations,Texas A&M,SEC
Jordan Zapata,Director of Internal Football Operations,Texas A&M,SEC
Darius Dunaway,Director of Character and Culture,Texas A&M,SEC
Riley Hecklinski,Director of Player Engagement,Texas A&M,SEC
Kate Rosenberg,Director of Football NIL,Texas A&M,SEC
Andrew Bather,Coordinator of Player Development,Texas A&M,SEC
Matt Salvaggio,Coordinator of Player Development,Texas A&M,SEC
Ben Crenshaw,Team Security,Texas A&M,SEC
Brandy Douglass,Assistant to the Head Football Coach,Texas A&M,SEC
Dani Postma,Director of Football Office Administration,Texas A&M,SEC
Sonny Dykes,Head Coach,TCU,Big 12
Andy Avalos,Defensive Coordinator,TCU,Big 12
Gordon Sammis,Offensive Coordinator,TCU,Big 12
A.J. Ricker,Co-Offensive Coordinator / Offensive Line,TCU,Big 12
Julius Brown,Cornerbacks Coach,TCU,Big 12
Malcolm Kelly,Assistant Head Coach / Wide Receivers Coach,TCU,Big 12
Mitch Kirsch,Tight Ends Coach,TCU,Big 12
JaMarkus McFarland,Defensive Line Coach,TCU,Big 12
Brad Robbins,Quarterbacks Coach,TCU,Big 12
Tre Watson,Safeties/Nickels Coach / Passing Game Coordinator,TCU,Big 12
Antonio Wilcox,Running Backs Coach,TCU,Big 12
Ken Wilson,Linebackers Coach,TCU,Big 12
Cal Criner,Assistant Linebackers Coach,TCU,Big 12
Cade Fortin,Assistant Tight Ends Coach,TCU,Big 12
Aaron Green,Assistant Running Backs Coach,TCU,Big 12
Barry Held,Assistant Offensive Line Coach,TCU,Big 12
Tyrone Hooper,Assistant Defensive Tackles Coach,TCU,Big 12
Julius Lewis,Assistant Cornerbacks Coach,TCU,Big 12
Kharyee Marshall,Assistant Edges Coach,TCU,Big 12
Casey Petree,Assistant Special Teams Coach,TCU,Big 12
Eric Simonelli,Assistant Linebackers Coach,TCU,Big 12
Ryan Swingle,Assistant Offensive Line Coach,TCU,Big 12
Shaun Taylor,Assistant Wide Receivers Coach,TCU,Big 12
Ryan Dorchester,General Manager,TCU,Big 12
Sarah Woodruff,Director of Football Operations,TCU,Big 12
Mark Tommerdahl,Special Assistant to the Head Coach,TCU,Big 12
Matt Lewis,Assistant Athletics Director for Player Development,TCU,Big 12
Jeff Jordan,Assistant Athletics Director for Player Personnel,TCU,Big 12
Tyler Olker,Director of Player Personnel,TCU,Big 12
Brett Cumnock,Assistant Director of Player Personnel,TCU,Big 12
Joshua Drayden,Assistant Director of Player Personnel,TCU,Big 12
Chris Owens,Assistant Director of Player Personnel,TCU,Big 12
Bob Wager,Director of High School Relations,TCU,Big 12
Lauren Craine,Director of On-Campus Recruiting,TCU,Big 12
Tyler Bullard,Director of Football Video,TCU,Big 12
Genaro Aguirre,Coaches Video Assistant,TCU,Big 12
Sam Lazarus,Director of Creative Media,TCU,Big 12
Mark Szilagyi,Assistant Director – Creative Media,TCU,Big 12
Kegan Hodges,Football Creative Media Assistant,TCU,Big 12
Darl Bauer,Assistant Athletics Director for Football Human Performance,TCU,Big 12
Kevin McCadam,Director of Football Speed and Performance,TCU,Big 12
Shaq Lee,Assistant Director - Football Strength and Performance,TCU,Big 12
John Porchivina,Assistant Director - Football Strength and Performance,TCU,Big 12
"Charles ""Rev"" Simmons III",Assistant Director - Football Strength and Performance,TCU,Big 12
Shauna Boles,Director of Recovery and Wellness,TCU,Big 12
David Gable,Associate Athletics Director for Sports Medicine,TCU,Big 12
Sam King,Assistant Athletic Trainer (Football),TCU,Big 12
Ryan Rodems,Assistant Athletic Trainer (Football),TCU,Big 12
CJ Talley,Assistant Athletic Trainer (Football),TCU,Big 12
Natalie Fernando,Graduate Assistant - Recruiting,TCU,Big 12
David Case,Director of Football Equipment,TCU,Big 12
Montana Mannheimer,Associate Director - Athletics Equipment,TCU,Big 12
Jacob Pendleton,Graduate Assistant – Equipment Services,TCU,Big 12
Jesse Ayala,Executive Chef,TCU,Big 12
Andrea Roberts,Assistant to the Head Football Coach,TCU,Big 12
Dave Aranda,Head Coach,Baylor,Big 12
Khenon Hall,Associate Head Coach (Running Backs),Baylor,Big 12
Jake Spavital,Offensive Coordinator (Quarterbacks),Baylor,Big 12
Paul Gonzales,Defensive Pass-Game Coordinator (Cornerbacks),Baylor,Big 12
Matt Powledge,Defensive Coordinator (Safeties),Baylor,Big 12
Mark Scott,Special Teams Coordinator,Baylor,Big 12
Jarrett Anderson,Assistant Coach (Tight Ends),Baylor,Big 12
Dallas Baker,Assistant Coach (Wide Receivers),Baylor,Big 12
Inoke Breckterfield,Assistant Coach (Defensive Line),Baylor,Big 12
Jamar Chaney,Assistant Coach (Inside Linebackers),Baylor,Big 12
Carson Hall,Assistant Coach (Outside Linebackers),Baylor,Big 12
Rhett Holcomb,Assistant Coach (Quarterbacks),Baylor,Big 12
Anthony Marciano,Assistant Coach (Linebackers),Baylor,Big 12
Jeff Grigus,Chief of Staff,Baylor,Big 12
Aaron Hunt,General Manager,Baylor,Big 12
Anthony Mauro,Assistant General Manager,Baylor,Big 12
Kaeron Johnson,Assistant AD | Football Relations,Baylor,Big 12
Larry McDonald,Assistant AD | Football Recruiting,Baylor,Big 12
Callie Cameron,Director of Player Personnel,Baylor,Big 12
Earl Chevalier,Director of Football Player Development and Operations Assistant,Baylor,Big 12
Connor Killian,Director of Football Strategy,Baylor,Big 12
Landrie Walsh,Director of Football Operations,Baylor,Big 12
Jadyn Wells,Director of On-Campus Recruiting,Baylor,Big 12
Kaleb Wood,Director of Football Technology,Baylor,Big 12
Joe Reynolds,Associate Director of Player Personnel,Baylor,Big 12
Chad Ruesink,Associate Director of Football Technology,Baylor,Big 12
Aaron Appleberry,Assistant Director of Player Personnel,Baylor,Big 12
Ed Paris,Assistant Director of Player Personnel,Baylor,Big 12
Duke DaRe,Quality Control,Baylor,Big 12
Nicholas Forde,Quality Control,Baylor,Big 12
C.J. Germany,Quality Control,Baylor,Big 12
Cade Koster,Quality Control,Baylor,Big 12
Ryan Pollard,Quality Control,Baylor,Big 12
Brian Vaughn,Quality Control,Baylor,Big 12
Craig Watts,Quality Control,Baylor,Big 12
Austin Woods,Quality Control,Baylor,Big 12
Willie Fritz,Head Coach,Houston,Big 12
Slade Nagle,Offensive Coordinator,Houston,Big 12
Austin Armstrong,Defensive Coordinator,Houston,Big 12
Shawn Bell,Assistant Head Coach/Quarterbacks/Passing Game Coordinator,Houston,Big 12
James Ross III,Edges & Defensive Run-Game Coordinator,Houston,Big 12
Oscar Giles,Defensive Line,Houston,Big 12
PJ Hall,Safeties,Houston,Big 12
Marcus Trice,Cornerbacks,Houston,Big 12
Jordy Joseph,Running Backs,Houston,Big 12
Brian Bell,Wide Receivers,Houston,Big 12
Eman Naghavi,Offensive Line,Houston,Big 12
Chris Couch,Special Teams Coordinator,Houston,Big 12
Robert Beacham,Offensive Assistant,Houston,Big 12
Michael Bishop,Offensive Assistant,Houston,Big 12
Henry Stone,Offensive Assistant,Houston,Big 12
Pete Brown,Defensive Assistant,Houston,Big 12
Will Weaver,Defensive Assistant,Houston,Big 12
Judson Hunter,Special Teams/Specialists Assistant,Houston,Big 12
Dre Fusilier,Offensive Graduate Assistant,Houston,Big 12
Carson Hemric,Offensive Graduate Assistant,Houston,Big 12
Garrison Vaughn,Defensive Graduate Assistant,Houston,Big 12
Eric Osborne,Defensive Graduate Assistant,Houston,Big 12
Shane Meyer,"Associate Athletics Director, Director of Football Operations",Houston,Big 12
Donn Landholm,Special Assistant to the Head Coach,Houston,Big 12
Wes Fritz,General Manager,Houston,Big 12
Marielle McLoughlin,Assistant Director of Operations,Houston,Big 12
Bennie Wylie,Director of Strength & Performance,Houston,Big 12
Tyler Kishbaugh,Assistant Strength Coach,Houston,Big 12
Joseph Stone,Assistant Strength Coach,Houston,Big 12
Chris Dawson,Assistant Strength Coach,Houston,Big 12
Casey Smithson,Director of Player Personnel,Houston,Big 12
Jay Girdner,Director of Recruiting,Houston,Big 12
Jake Pittman,Director of Scouting,Houston,Big 12
Jordan Burgess,Director of Creative Media,Houston,Big 12
Adrian Romero,Director of Creative Video,Houston,Big 12
"Andrew Crane, M.Ed, LAT, AT",Associate Director of Sports Medicine (Head FB),Houston,Big 12
"Kaleb Whitehair, PT, DPT, SCS, CSCS",Associate Director / Director of Physical Therapy Services (Football),Houston,Big 12
Emily England,Director of Performance Nutrition,Houston,Big 12
Andrew Johnson,Assistant Athletics Director for Equipment Operations,Houston,Big 12
Kevin Haynes,Director of Equipment Operations – Football,Houston,Big 12
Tatjana Banjeglav,Associate Athletics Director for Academic Services,Houston,Big 12
Robert Nathan,Director of Football Video,Houston,Big 12
Hunter Quintana,Assistant Director of Football Video,Houston,Big 12
Joey McGuire,Head Coach,Texas Tech,Big 12
Kenny Perry,Associate Head Coach / Special Teams Coordinator,Texas Tech,Big 12
Justin Johnson,Assistant Head Coach / Passing Game Coordinator / WRs,Texas Tech,Big 12
Mack Leftwich,Offensive Coordinator / Quarterbacks,Texas Tech,Big 12
Shiel Wood,Defensive Coordinator,Texas Tech,Big 12
C.J. Ah You,Outside Linebackers Coach,Texas Tech,Big 12
Josh Cochran,Run Game Coordinator / Tight Ends Coach,Texas Tech,Big 12
Zarnell Fitch,Defensive Line Coach,Texas Tech,Big 12
Rob Greene,Safeties Coach,Texas Tech,Big 12
Darcel McBath,Cornerbacks Coach,Texas Tech,Big 12
Clay McGuire,Offensive Line Coach,Texas Tech,Big 12
Garret McGuire,Running Backs Coach,Texas Tech,Big 12
Jack Teachey,Senior Defensive Analyst,Texas Tech,Big 12
Ryan Conry,Assistant Special Teams Coordinator,Texas Tech,Big 12
Jah'Shawn Johnson,Assistant Defensive Backs Coach,Texas Tech,Big 12
Lindsey Scott Jr.,Assistant Quarterbacks Coach,Texas Tech,Big 12
Taylor Young,Assistant Inside Linebackers Coach,Texas Tech,Big 12
Cole Maxwell,Defensive Assistant (Defensive Line),Texas Tech,Big 12
Jackson Kimble,Offensive Assistant (Offensive Line),Texas Tech,Big 12
Collin Shank,Defensive Assistant (Secondary),Texas Tech,Big 12
Xavier White,Offensive Assistant (Wide Receivers),Texas Tech,Big 12
Dave Martin,Director of Player Development,Texas Tech,Big 12
Lance Barilow,Head Strength & Conditioning Coach,Texas Tech,Big 12
Aaron Hall,Senior Associate Strength & Conditioning Coach,Texas Tech,Big 12
Brandyn Musgrave,Associate Strength & Conditioning Coach,Texas Tech,Big 12
Dalton Elliott,Assistant Strength & Conditioning Coach,Texas Tech,Big 12
Brandon Stevenson,Assistant Strength & Conditioning Coach,Texas Tech,Big 12
Josh Haverfield,Coordinator of Football Performance & Analytics,Texas Tech,Big 12
Antonio Huffman,Associate A.D./Football Administration,Texas Tech,Big 12
Quintin Jordan,Director of Football Operations,Texas Tech,Big 12
James Blanchard,General Manager,Texas Tech,Big 12
Brian Nance,Director of Player Personnel,Texas Tech,Big 12
Sammy Morris,Director for Player Support Development & NFL Liaison,Texas Tech,Big 12
Preslee Quisenberry,Director of Administration & Operations,Texas Tech,Big 12
Kate Eberhardt,Director of Recruiting Operations,Texas Tech,Big 12
Sean Kenney,Director of Scouting,Texas Tech,Big 12
Wesley Harwell,Associate Director of Scouting,Texas Tech,Big 12
Alayshia Green,Director of On-Campus Recruiting,Texas Tech,Big 12
Katie Meade,On-Campus Recruiting Coordinator,Texas Tech,Big 12
Gentry Hicks,Director of Football Nutrition,Texas Tech,Big 12
Carly Ponder,Assistant Sports Dietitian,Texas Tech,Big 12
Zane Perry,Assistant A.D/Equipment Operations,Texas Tech,Big 12
Cayman Ancell,Head Football Equipment Manager,Texas Tech,Big 12
Roger Lira,Assistant Equipment Manager,Texas Tech,Big 12
Austin Nettles,Assistant Equipment Manager,Texas Tech,Big 12
Eric Gerald,Director of Football Video,Texas Tech,Big 12
Jacob Chavarria,Video Coordinator,Texas Tech,Big 12
Ben Brown,Assistant Video Coordinator,Texas Tech,Big 12
Michael Ramirez,Associate A.D./Head Athletic Trainer,Texas Tech,Big 12
Dillon Barron,Associate Athletic Trainer,Texas Tech,Big 12
Steven Lapso,Associate Athletic Trainer,Texas Tech,Big 12
Erika Rowe,Assistant Athletic Trainer,Texas Tech,Big 12
Addison Trower,Assistant Athletic Trainer,Texas Tech,Big 12
Jon Sumrall,Head Coach,Florida,SEC
Buster Faulkner,Offensive Coordinator,Florida,SEC
Brad White,Defensive Coordinator,Florida,SEC
Gerald Chatman,Assistant Head Coach / Defensive Line,Florida,SEC
Chris Collins,Safeties,Florida,SEC
Joe Craddock,Quarterbacks,Florida,SEC
Marcus Davis,Outside Wide Receivers,Florida,SEC
Chris Foster,Running Backs,Florida,SEC
Johnathan Galante,Special Teams Coordinator,Florida,SEC
Greg Gasparato,Linebackers,Florida,SEC
Bam Hardmon,Outside Linebackers,Florida,SEC
Brandon Harris,Cornerbacks,Florida,SEC
Evan McKissack,Tight Ends,Florida,SEC
Trent McKnight,Passing Game Coordinator/Inside Wide Receivers,Florida,SEC
Phil Trautwein,Offensive Line,Florida,SEC
Rusty Whitt,Director of Football Performance,Florida,SEC
Dave Caldwell,General Manager,Florida,SEC
Mike Norvell,Head Coach,Florida State,ACC
Gus Malzahn,Offensive Coordinator,Florida State,ACC
Tony White,Defensive Coordinator,Florida State,ACC
Tim Harris Jr.,Pass Game Coordinator/Wide Receivers Coach,Florida State,ACC
Chris Thomsen,Deputy Head Coach/Tight Ends Coach,Florida State,ACC
Blue Adams,Cornerbacks Coach,Florida State,ACC
Evan Cooper,Safeties Coach,Florida State,ACC
Herb Hand,Offensive Line Coach,Florida State,ACC
Terrance Knighton,Defensive Line Coach,Florida State,ACC
Kam Martin,Running Backs Coach,Florida State,ACC
Adam Scheier,Special Teams Coordinator,Florida State,ACC
Ernie Sims,Linebackers Coach,Florida State,ACC
Austin Tucker,Quarterbacks Coach,Florida State,ACC
Nick Williams,Edges Coach/Pass Rush Specialist,Florida State,ACC
Odell Haggins,Associate Head Coach,Florida State,ACC
Greg Moss,Assistant Defensive Backs Coach,Florida State,ACC
Bruce Warwick,Associate Athletics Director for Football,Florida State,ACC
John Garrett,Deputy Athletics Director/General Manager of Player Personnel,Florida State,ACC
Taylor Edwards,Director of Football and Player Acquisition,Florida State,ACC
Brian Hartline,,USF,American
Josh Aldridge,,USF,American
Tim Beck,,USF,American
Sean Binckes,,USF,American
Elijah Brooks,,USF,American
Chad Creamer,,USF,American
Mike Hartline,,USF,American
Keith Jones Jr.,,USF,American
Antwaine Richardson,,USF,American
James Rowe,,USF,American
Mike Sollenne,,USF,American
Danny Verpaele,,USF,American
Myles White,,USF,American
Zach Kittley,Hagerty Family Head Football Coach,FAU,American
Brett Dewhurst,Defensive Coordinator,FAU,American
Tyler Schovanec,Special Teams Coordinator,FAU,American
Chris Perkins,Running Backs,FAU,American
DJ McCarthy,Wide Receivers,FAU,American
Jajuan Dulaney,Tight Ends,FAU,American
Stephen Hamby,Offensive Line,FAU,American
Devin Santana,Defensive Tackles,FAU,American
Brandon Lacy,Ends/Rush,FAU,American
Antonio Fenelus,Defensive Backs,FAU,American
Aaron Schwanz,Inside Linebacker,FAU,American
Harrison Hanna,Football Chief of Staff,FAU,American
Taylor Brown,Executive Director of Player Personnel,FAU,American
Cris Carter,Executive Director of Player Engagement,FAU,American
David Draper,Director of Football Operations,FAU,American
Matt Wiesner,Director of Scouting/NFL Liaison,FAU,American
Shane Marinelli,Assistant Director Player Personnel / High School Relations,FAU,American
Faith Padgett,Director of Recruiting,FAU,American
Margot Kessler,Assistant Director of Operations and Recruiting,FAU,American
Dillon Coletto,Director of Video & Technology,FAU,American
Brandon Lee,Head Strength and Conditioning Coach,FAU,American
"Bryson Breeding, CSCS",Assistant Strength and Conditioning Coach,FAU,American
"Patrick Goodwin, MS, RD",Director of Football Performance Nutrition,FAU,American
Trent Vasey,Assistant Quarterbacks Coach,FAU,American
Colin Spencer,Assistant Outside Linebacker / Edge Coach,FAU,American
Korel Smith,Nickel Coach,FAU,American
Kosi Eldridge,Assistant Inside Linebacker Coach,FAU,American
Brian Young,Consultant to the Defensive Coordinator,FAU,American
Dominique Bradshaw,Defensive Graduate Assistant (DB),FAU,American
Cagen Clark,Offensive Graduate Assistant (WR),FAU,American
Braylon Jones,Offensive Graduate Assistant (OL),FAU,American
Kal-El Statham,Defensive Graduate Assistant (DL),FAU,American
Bill Sanders,Head Athletic Trainer (Football),FAU,American
Brad Marsic,Associate Athletic Trainer (Football) and Director of Rehab,FAU,American
Madelyn Kalady,Assistant Athletic Trainer (Football),FAU,American
Anthony Fortier,Head Equipment Manager (Football),FAU,American
Elisabeth Flores,Assistant Football Equipment Manager,FAU,American
Cliff McCray,Team Chaplain,FAU,American
Willie Simmons,,FIU,CUSA
Frank Ponce,,FIU,CUSA
Jovan Dewitt,,FIU,CUSA
Nick Coleman,,FIU,CUSA
Kenneth Gilstrap,,FIU,CUSA
Ryan Smith,,FIU,CUSA
Anthony  Gaitor,,FIU,CUSA
Jelani Berassa,,FIU,CUSA
Benedick Hyppolite,,FIU,CUSA
Edwin Pata,,FIU,CUSA
Joe Henry,,FIU,CUSA
Solomon Perez,,FIU,CUSA
Christian Gomez,,FIU,CUSA
Khadry Jackson,,FIU,CUSA
Bryan Crawford,,FIU,CUSA
Ayeobele Randolph,,FIU,CUSA
